n_components,rmse,n_predictions
1,0.9391538561173818,19355
3,0.9391479957041499,19355
5,0.939163559815257,19355
7,0.9176551370063859,19355
9,0.9174896187902448,19355
11,0.9178393762437626,19355
13,0.9185121211228436,19355
15,0.918448399202999,19355
17,0.9187462745235183,19355
19,0.919849986783784,19355
21,0.9181068616752649,19355
23,0.9170589077376171,19355
25,0.9177336880260606,19355
