n_components,rmse,n_predictions
1,3.129440122357128,19355
3,2.9993126351145323,19355
5,2.984591519226543,19355
7,2.9724185363174054,19355
9,2.9661291025857666,19355
11,2.998741740321895,19355
13,3.009408450018046,19355
15,3.019743581435023,19355
17,3.031621674818386,19355
19,3.0444592860071733,19355
21,3.0493560993068956,19355
23,3.048180609636045,19355
25,3.0589825692333497,19355
