n_components,rmse,n_predictions
1,0.9696873517200069,19355
3,0.9696376421682762,19355
5,0.9696100632847515,19355
7,0.9649767879084591,19355
9,0.9607052813395217,19355
11,0.9583127412278453,19355
13,0.9574669465606376,19355
15,0.9545717671968307,19355
17,0.9542073398845206,19355
19,0.9534469617781537,19355
21,0.9533782799447936,19355
23,0.9530558724717704,19355
25,0.9534570154633984,19355
