n_components,rmse,n_predictions
1,0.8733999296617583,19355
3,0.8721566806856529,19355
5,0.8867762966242208,19355
7,0.8989768321768922,19355
9,0.8982160552873749,19355
11,0.9099546072441559,19355
13,0.9162662024282363,19355
15,0.9185751868087447,19355
17,0.9197500913513704,19355
19,0.9178147706541895,19355
21,0.9266526383335882,19355
23,0.9253776975324266,19355
25,0.9265481608516842,19355
