n_components,rmse,n_predictions
1,3.1294400485806806,19355
3,2.997503789978652,19355
5,2.9467941253102827,19355
7,2.9309090128462385,19355
9,2.9305210245014064,19355
11,2.9421682487802423,19355
13,2.958604969428958,19355
15,2.9702670198687495,19355
17,2.981934717886715,19355
19,2.994546369369419,19355
21,3.0088707351731117,19355
23,3.0222456352587703,19355
25,3.026944221399152,19355
