n_components,rmse,n_predictions
1,0.9696873517200663,19355
3,0.9581433982525734,19355
5,0.9551116273601541,19355
7,0.955919973882872,19355
9,0.954679286470086,19355
11,0.9532326872890068,19355
13,0.9529270197933194,19355
15,0.9519037943104048,19355
17,0.9524691574354777,19355
19,0.9529201371183178,19355
21,0.9531181516381446,19355
23,0.9533658395656461,19355
25,0.9535450544921993,19355
