n_components,rmse,n_predictions
1,0.9391538561174169,19355
3,0.9171688243338862,19355
5,0.9179451852109318,19355
7,0.9183061622626525,19355
9,0.9170617510171968,19355
11,0.9181467628873009,19355
13,0.9180263916019409,19355
15,0.9175983714434416,19355
17,0.9185201151203461,19355
19,0.9199591030974423,19355
21,0.9202182303960985,19355
23,0.9210861616161983,19355
25,0.9223537553604588,19355
