n_components,rmse,n_predictions
1,0.8978842122087622,19355
3,0.9172914459042442,19355
5,0.9356863492883032,19355
7,0.9622953854607706,19355
9,0.9752851752510513,19355
11,0.9909084301156126,19355
13,1.004341464048571,19355
15,1.0231184563475648,19355
17,1.032545035908744,19355
19,1.0429993567856441,19355
21,1.0489873958926128,19355
23,1.064613929176599,19355
25,1.067973666312691,19355
