n_components,rmse,n_predictions
1,1.1980652591141312,19355
3,1.1157395282263851,19355
5,1.1628555827037155,19355
7,1.1906504674607394,19355
9,1.2611601623043098,19355
11,1.3221494103410654,19355
13,1.3878940809095184,19355
15,1.444334382765785,19355
17,1.5024093847040554,19355
19,1.559698569534766,19355
21,1.6109981908595932,19355
23,1.6484316090355802,19355
25,1.7068710320960832,19355
