n_components,rmse,n_predictions
1,0.8819824738242409,19355
3,0.8835468171391068,19355
5,0.9067008687162565,19355
7,0.9273141606856402,19355
9,0.9475429221646932,19355
11,0.9717823248306574,19355
13,0.9945568700848123,19355
15,1.0074288120359423,19355
17,1.0224947322270175,19355
19,1.0375903909576345,19355
21,1.0498208260382162,19355
23,1.0542198663785485,19355
25,1.0662092901395566,19355
