n_components,rmse,n_predictions
1,0.9049779899336595,19355
3,0.9031871668378161,19355
5,0.9045574696098427,19355
7,0.9114611190944754,19355
9,0.9128416735871785,19355
11,0.9124218088515884,19355
13,0.9154825676051499,19355
15,0.9240512511477719,19355
17,0.9301504591866906,19355
19,0.9221080266102465,19355
21,0.9225233255755585,19355
23,0.9276713837776288,19355
25,0.9292716878295282,19355
